participant,participant_age,Image_ID,Image_actual_age,Image_age,Image_emotion,age_resp,age_resp_rt
29,61,O_48F,65,old,neutral,78,14.65659
29,61,Y_48F,23,young,happy,30,4.51966
29,61,Y_40F,28,young,happy,40,4.11845
29,61,O_71M,65,old,neutral,70,5.717045
29,61,Y_15M,20,young,angry,32,8.752635
29,61,Y_12F,18,young,angry,21,4.29685
29,61,Y_4F,19,young,happy,28,4.118545
29,61,Y_57M,23,young,neutral,45,6.831505
29,61,O_43F,62,old,happy,55,4.254325
29,61,O_17M,69,old,angry,70,4.229975
29,61,Y_71F,20,young,neutral,32,5.81673
29,61,Y_58M,22,young,neutral,30,6.69606
29,61,O_53F,64,old,neutral,52,5.535245
29,61,O_67M,61,old,neutral,68,4.03494
29,61,Y_30M,25,young,happy,35,5.302395
29,61,O_40F,61,old,happy,52,10.63094
29,61,O_29F,63,old,angry,55,11.182555
29,61,Y_27M,23,young,angry,30,5.31729
29,61,O_38F,65,old,happy,65,7.01485
29,61,O_56F,65,old,neutral,62,6.25221
29,61,O_20M,65,old,angry,70,6.31811
29,61,Y_6F,23,young,neutral,28,6.26486
29,61,Y_69F,28,young,neutral,35,8.42359
29,61,Y_46M,18,young,happy,40,6.433805
29,61,Y_1M,19,young,angry,30,4.485875
29,61,O_65M,65,old,neutral,70,3.16606
29,61,O_50M,65,old,happy,70,8.264465
29,61,Y_75M,30,young,neutral,48,4.284185
29,61,O_15M,69,old,angry,70,9.899975
29,61,Y_11M,20,young,angry,40,5.555715
29,61,O_47F,60,old,neutral,55,14.773115
29,61,Y_72F,25,young,neutral,28,5.754475
29,61,O_23F,66,old,angry,70,5.501095
29,61,O_28F,64,old,angry,70,5.77136
29,61,Y_66F,26,young,happy,35,3.753615
29,61,O_10F,60,old,angry,42,3.38358
29,61,Y_28M,20,young,happy,25,5.75119
29,61,O_08M,65,old,angry,67,10.315215
29,61,Y_17F,33,young,angry,42,4.81833
29,61,O_34F,65,old,happy,55,3.984945
29,61,O_21M,65,old,happy,68,4.16656
29,61,Y_55M,24,young,neutral,30,3.57283
29,61,Y_38F,24,young,angry,30,4.219685
29,61,O_64M,65,old,neutral,65,3.651825
29,61,O_42M,75,old,happy,85,3.632285
29,61,Y_54M,26,young,happy,42,3.18375
29,61,O_58M,64,old,happy,62,3.849395
29,61,Y_14F,21,young,angry,30,3.93727
1,63,O_15M,69,old,angry,68,10.148905
1,63,Y_66F,26,young,happy,23,4.940315
1,63,Y_54M,26,young,happy,28,6.27358
1,63,Y_27M,23,young,angry,32,8.993685
1,63,O_28F,64,old,angry,65,9.084685
1,63,Y_1M,19,young,angry,32,4.10951
1,63,Y_69F,28,young,neutral,25,4.279805
1,63,O_50M,65,old,happy,62,7.09309
1,63,O_67M,61,old,neutral,68,9.196055
1,63,Y_28M,20,young,happy,27,4.752845
1,63,Y_58M,22,young,neutral,25,7.355675
1,63,O_47F,60,old,neutral,48,9.919165
1,63,O_20M,65,old,angry,65,9.93457
1,63,Y_72F,25,young,neutral,38,6.92504
1,63,O_64M,65,old,neutral,68,10.045475
1,63,O_34F,65,old,happy,58,16.62785
1,63,O_23F,66,old,angry,62,5.807995
1,63,Y_15M,20,young,angry,37,5.17055
1,63,Y_30M,25,young,happy,37,7.70984
1,63,Y_14F,21,young,angry,27,5.3698
1,63,Y_12F,18,young,angry,32,5.85957
1,63,O_48F,65,old,neutral,65,6.52112
1,63,O_65M,65,old,neutral,75,7.515235
1,63,O_38F,65,old,happy,62,14.39882
1,63,O_29F,63,old,angry,58,7.30244
1,63,Y_6F,23,young,neutral,26,4.452675
1,63,O_43F,62,old,happy,63,4.888705
1,63,Y_17F,33,young,angry,26,4.89261
1,63,O_42M,75,old,happy,82,10.10594
1,63,Y_46M,18,young,happy,36,5.30564
1,63,Y_4F,19,young,happy,34,5.7499
1,63,O_58M,64,old,happy,62,6.05362
1,63,O_21M,65,old,happy,73,6.793495
1,63,O_17M,69,old,angry,65,4.977475
1,63,Y_48F,23,young,happy,30,4.722525
1,63,Y_75M,30,young,neutral,34,6.554715
1,63,Y_38F,24,young,angry,30,4.88185
1,63,Y_57M,23,young,neutral,36,3.43585
1,63,Y_40F,28,young,happy,38,4.74262
1,63,O_56F,65,old,neutral,58,6.263105
1,63,O_71M,65,old,neutral,75,5.14614
1,63,Y_71F,20,young,neutral,38,5.378225
1,63,O_53F,64,old,neutral,62,11.89726
1,63,Y_11M,20,young,angry,32,4.36315
1,63,O_40F,61,old,happy,65,4.511805
1,63,O_08M,65,old,angry,65,4.41049
1,63,Y_55M,24,young,neutral,35,3.144895
1,63,O_10F,60,old,angry,55,9.362035
20,54,Y_48F,23,young,happy,20,56.38204
20,54,Y_27M,23,young,angry,23,28.141875
20,54,Y_12F,18,young,angry,18,10.1577
20,54,Y_58M,22,young,neutral,25,9.647675
20,54,Y_14F,21,young,angry,30,19.96153
20,54,Y_1M,19,young,angry,19,13.15834
20,54,Y_55M,24,young,neutral,30,16.063785
20,54,O_20M,65,old,angry,68,26.27716
20,54,Y_72F,25,young,neutral,35,20.342655
20,54,Y_30M,25,young,happy,28,16.17699
20,54,O_53F,64,old,neutral,55,9.492875
20,54,O_40F,61,old,happy,65,6.34373
20,54,O_38F,65,old,happy,63,19.443685
20,54,Y_28M,20,young,happy,17,13.79589
20,54,Y_11M,20,young,angry,20,8.875425
20,54,Y_40F,28,young,happy,30,9.711945
20,54,O_34F,65,old,happy,60,19.360455
20,54,O_08M,65,old,angry,58,17.563025
20,54,O_28F,64,old,angry,75,12.429495
20,54,O_64M,65,old,neutral,63,12.915025
20,54,O_65M,65,old,neutral,68,28.426785
20,54,Y_15M,20,young,angry,28,9.882455
20,54,O_29F,63,old,angry,70,15.26366
20,54,Y_17F,33,young,angry,25,36.177535
20,54,Y_75M,30,young,neutral,43,11.011895
20,54,Y_46M,18,young,happy,34,12.44354
20,54,O_42M,75,old,happy,78,20.19335
20,54,O_21M,65,old,happy,68,21.82878
20,54,O_71M,65,old,neutral,75,8.342505
20,54,O_56F,65,old,neutral,64,8.798575
20,54,Y_66F,26,young,happy,25,10.94319
20,54,O_43F,62,old,happy,70,16.614275
20,54,O_50M,65,old,happy,68,18.44443
20,54,O_47F,60,old,neutral,48,10.45906
20,54,O_10F,60,old,angry,53,8.24559
20,54,Y_69F,28,young,neutral,22,30.492235
20,54,O_67M,61,old,neutral,65,6.96249
20,54,O_48F,65,old,neutral,70,47.22543
20,54,Y_38F,24,young,angry,26,23.77612
20,54,Y_6F,23,young,neutral,30,8.79647
20,54,O_15M,69,old,angry,68,28.041045
20,54,O_58M,64,old,happy,44,7.97912
20,54,Y_71F,20,young,neutral,19,9.994645
20,54,O_17M,69,old,angry,58,9.442345
20,54,Y_54M,26,young,happy,26,21.14376
20,54,Y_57M,23,young,neutral,26,15.59294
20,54,O_23F,66,old,angry,70,6.047005
20,54,Y_4F,19,young,happy,36,14.195315
25,53,O_56F,65,old,neutral,70,25.50194
25,53,Y_1M,19,young,angry,23,23.47644
25,53,Y_69F,28,young,neutral,30,21.942395
25,53,O_71M,65,old,neutral,78,15.927345
25,53,Y_38F,24,young,angry,24,12.060875
25,53,Y_58M,22,young,neutral,21,5.7138
25,53,Y_4F,19,young,happy,41,25.042235
25,53,Y_54M,26,young,happy,38,9.77806
25,53,O_28F,64,old,angry,68,13.56227
25,53,Y_12F,18,young,angry,32,21.11012
25,53,O_21M,65,old,happy,70,6.66004
25,53,Y_40F,28,young,happy,27,11.0272
25,53,O_23F,66,old,angry,75,16.143275
25,53,O_15M,69,old,angry,67,21.178575
25,53,O_67M,61,old,neutral,62,13.478165
25,53,Y_11M,20,young,angry,31,12.377035
25,53,O_34F,65,old,happy,58,15.01025
25,53,O_38F,65,old,happy,60,14.27723
25,53,O_10F,60,old,angry,55,17.976425
25,53,O_29F,63,old,angry,62,9.22708
25,53,Y_17F,33,young,angry,28,6.92857
25,53,Y_27M,23,young,angry,38,8.82804
25,53,O_08M,65,old,angry,62,12.96208
25,53,Y_6F,23,young,neutral,28,8.061575
25,53,Y_72F,25,young,neutral,38,4.228035
25,53,O_58M,64,old,happy,60,6.92826
25,53,O_17M,69,old,angry,70,8.69363
25,53,Y_71F,20,young,neutral,34,15.327475
25,53,Y_57M,23,young,neutral,33,6.58159
25,53,O_64M,65,old,neutral,56,9.1287
25,53,Y_48F,23,young,happy,32,6.894285
25,53,O_48F,65,old,neutral,64,10.39463
25,53,Y_55M,24,young,neutral,29,11.293195
25,53,Y_30M,25,young,happy,39,7.11258
25,53,Y_75M,30,young,neutral,43,8.3844
25,53,O_47F,60,old,neutral,58,7.581
25,53,O_20M,65,old,angry,68,16.07761
25,53,Y_66F,26,young,happy,38,9.88041
25,53,O_42M,75,old,happy,76,5.929575
25,53,O_65M,65,old,neutral,73,16.559685
25,53,Y_14F,21,young,angry,29,8.46218
25,53,O_53F,64,old,neutral,58,15.044225
25,53,O_50M,65,old,happy,64,11.8349
25,53,O_43F,62,old,happy,68,28.51697
25,53,Y_46M,18,young,happy,39,7.2975
25,53,Y_28M,20,young,happy,23,13.0692
25,53,Y_15M,20,young,angry,42,20.31422
25,53,O_40F,61,old,happy,65,43.423535
26,59,O_15M,69,old,angry,85,5.621345
26,59,Y_71F,20,young,neutral,40,11.050005
26,59,Y_55M,24,young,neutral,35,5.56827
26,59,O_65M,65,old,neutral,75,4.21836
26,59,O_20M,65,old,angry,76,5.166065
26,59,O_58M,64,old,happy,60,4.15179
26,59,O_40F,61,old,happy,65,4.04918
26,59,O_64M,65,old,neutral,70,5.76808
26,59,O_56F,65,old,neutral,65,5.51644
26,59,Y_66F,26,young,happy,25,6.93535
26,59,Y_15M,20,young,angry,30,5.32858
26,59,Y_48F,23,young,happy,28,3.73842
26,59,O_34F,65,old,happy,62,9.24392
26,59,Y_54M,26,young,happy,37,8.184635
26,59,O_43F,62,old,happy,68,8.834925
26,59,O_08M,65,old,angry,63,19.77855
26,59,Y_57M,23,young,neutral,25,13.782165
26,59,Y_6F,23,young,neutral,26,13.199255
26,59,O_29F,63,old,angry,60,10.772745
26,59,O_17M,69,old,angry,75,7.20048
26,59,Y_27M,23,young,angry,35,3.467455
26,59,Y_40F,28,young,happy,30,8.951455
26,59,Y_4F,19,young,happy,45,4.286945
26,59,Y_17F,33,young,angry,55,4.336135
26,59,O_23F,66,old,angry,70,7.300895
26,59,Y_38F,24,young,angry,28,18.096675
26,59,O_21M,65,old,happy,74,13.12051
26,59,O_47F,60,old,neutral,68,7.701385
26,59,O_28F,64,old,angry,80,16.20163
26,59,O_38F,65,old,happy,66,17.09732
26,59,Y_14F,21,young,angry,25,10.482255
26,59,Y_30M,25,young,happy,50,5.55423
26,59,O_48F,65,old,neutral,78,8.406475
26,59,O_42M,75,old,happy,82,46.746355
26,59,O_50M,65,old,happy,75,8.418265
26,59,Y_12F,18,young,angry,35,12.497885
26,59,O_10F,60,old,angry,55,4.486375
26,59,Y_28M,20,young,happy,39,4.851135
26,59,O_53F,64,old,neutral,60,6.282365
26,59,Y_69F,28,young,neutral,32,5.30467
26,59,Y_1M,19,young,angry,28,5.533705
26,59,O_67M,61,old,neutral,80,6.169785
26,59,Y_75M,30,young,neutral,57,6.985915
26,59,Y_11M,20,young,angry,45,4.33607
26,59,O_71M,65,old,neutral,67,7.21688
26,59,Y_58M,22,young,neutral,26,11.319415
26,59,Y_72F,25,young,neutral,47,10.921435
26,59,Y_46M,18,young,happy,58,7.783205
28,49,Y_1M,19,young,angry,32,45.89
28,49,O_71M,65,old,neutral,70,16.345
28,49,O_20M,65,old,angry,56,21.646
28,49,O_50M,65,old,happy,45,13.305
28,49,O_43F,62,old,happy,56,21.629
28,49,Y_75M,30,young,neutral,28,12.445
28,49,Y_55M,24,young,neutral,26,23.19
28,49,O_17M,69,old,angry,65,16.371
28,49,Y_46M,18,young,happy,30,20.911
28,49,Y_54M,26,young,happy,28,11.114
28,49,Y_4F,19,young,happy,32,12.953
28,49,Y_38F,24,young,angry,30,13.075
28,49,Y_40F,28,young,happy,32,16.156
28,49,Y_14F,21,young,angry,30,19.784
28,49,O_58M,64,old,happy,49,16.119
28,49,Y_11M,20,young,angry,26,17.582
28,49,Y_69F,28,young,neutral,27,14.796
28,49,O_29F,63,old,angry,50,18.828
28,49,O_15M,69,old,angry,65,10.986
28,49,O_23F,66,old,angry,62,19.124
28,49,O_47F,60,old,neutral,48,23.628
28,49,Y_57M,23,young,neutral,30,17.713
28,49,O_28F,64,old,angry,72,20.419
28,49,O_56F,65,old,neutral,59,15.765
28,49,Y_17F,33,young,angry,30,11.576
28,49,O_10F,60,old,angry,45,13.844
28,49,O_34F,65,old,happy,48,22.387
28,49,O_21M,65,old,happy,62,13.707
28,49,O_64M,65,old,neutral,58,18.284
28,49,O_38F,65,old,happy,53,15.675
28,49,O_53F,64,old,neutral,50,12.515
28,49,O_08M,65,old,angry,58,12.352
28,49,Y_27M,23,young,angry,30,18.667
28,49,Y_12F,18,young,angry,35,15.924
28,49,Y_30M,25,young,happy,30,17.996
28,49,Y_48F,23,young,happy,30,19.074
28,49,O_65M,65,old,neutral,65,12.608
28,49,O_42M,75,old,happy,76,13.99
28,49,Y_28M,20,young,happy,22,16.556
28,49,Y_15M,20,young,angry,30,18.171
28,49,Y_71F,20,young,neutral,30,23.946
28,49,Y_6F,23,young,neutral,28,10.743
28,49,Y_58M,22,young,neutral,30,15.171
28,49,O_67M,61,old,neutral,58,24.508
28,49,O_48F,65,old,neutral,62,11.295
28,49,Y_72F,25,young,neutral,32,13.748
28,49,Y_66F,26,young,happy,28,22.355
28,49,O_40F,61,old,happy,50,26.487
2,61,Y_71F,20,young,neutral,25,3.646895
2,61,O_58M,64,old,happy,40,4.09221
2,61,O_65M,65,old,neutral,67,3.90951
2,61,O_53F,64,old,neutral,45,3.795905
2,61,O_64M,65,old,neutral,62,3.96394
2,61,Y_14F,21,young,angry,21,3.87828
2,61,Y_46M,18,young,happy,23,2.26466
2,61,Y_75M,30,young,neutral,28,4.56122
2,61,O_08M,65,old,angry,59,4.928665
2,61,O_23F,66,old,angry,63,4.429315
2,61,O_71M,65,old,neutral,65,3.661715
2,61,O_38F,65,old,happy,50,4.67811
2,61,Y_17F,33,young,angry,26,4.261405
2,61,O_28F,64,old,angry,66,6.54111
2,61,Y_55M,24,young,neutral,25,4.55322
2,61,O_29F,63,old,angry,45,2.40505
2,61,O_47F,60,old,neutral,43,6.90467
2,61,O_17M,69,old,angry,48,5.027215
2,61,Y_27M,23,young,angry,24,5.66988
2,61,O_48F,65,old,neutral,61,10.294235
2,61,Y_48F,23,young,happy,27,5.2798
2,61,Y_30M,25,young,happy,29,7.162255
2,61,O_20M,65,old,angry,65,4.011885
2,61,Y_38F,24,young,angry,29,11.429885
2,61,Y_54M,26,young,happy,30,4.24582
2,61,Y_4F,19,young,happy,32,3.91466
2,61,Y_58M,22,young,neutral,25,3.257925
2,61,Y_69F,28,young,neutral,24,3.62991
2,61,Y_40F,28,young,happy,33,5.14754
2,61,O_67M,61,old,neutral,67,5.779575
2,61,Y_57M,23,young,neutral,27,3.945485
2,61,Y_28M,20,young,happy,23,3.6138
2,61,Y_11M,20,young,angry,20,5.029145
2,61,Y_66F,26,young,happy,28,4.02944
2,61,Y_15M,20,young,angry,27,3.87833
2,61,O_34F,65,old,happy,60,5.146835
2,61,Y_12F,18,young,angry,21,3.326355
2,61,O_42M,75,old,happy,70,2.928525
2,61,Y_72F,25,young,neutral,24,3.096065
2,61,Y_6F,23,young,neutral,27,3.663765
2,61,O_43F,62,old,happy,65,4.73078
2,61,O_56F,65,old,neutral,67,3.110875
2,61,O_10F,60,old,angry,54,3.529385
2,61,Y_1M,19,young,angry,21,2.462975
2,61,O_40F,61,old,happy,46,4.593045
2,61,O_15M,69,old,angry,69,2.795455
2,61,O_50M,65,old,happy,69,2.6131
2,61,O_21M,65,old,happy,67,4.94578
30,50,Y_1M,19,young,angry,24,15.634135
30,50,Y_27M,23,young,angry,30,7.66647
30,50,Y_30M,25,young,happy,35,13.990625
30,50,O_50M,65,old,happy,55,6.69662
30,50,Y_75M,30,young,neutral,28,10.56059
30,50,O_43F,62,old,happy,55,13.34026
30,50,O_53F,64,old,neutral,50,9.10373
30,50,Y_69F,28,young,neutral,26,5.56264
30,50,Y_14F,21,young,angry,23,4.67296
30,50,O_10F,60,old,angry,55,13.4166
30,50,O_56F,65,old,neutral,60,12.420195
30,50,O_71M,65,old,neutral,65,5.711115
30,50,O_23F,66,old,angry,60,8.019455
30,50,Y_6F,23,young,neutral,22,8.625
30,50,Y_12F,18,young,angry,26,6.393625
30,50,O_42M,75,old,happy,78,7.150495
30,50,O_34F,65,old,happy,52,6.96724
30,50,Y_28M,20,young,happy,29,5.968395
30,50,O_21M,65,old,happy,60,6.22606
30,50,Y_4F,19,young,happy,30,7.77337
30,50,O_47F,60,old,neutral,50,7.60389
30,50,O_28F,64,old,angry,65,13.822155
30,50,O_65M,65,old,neutral,65,5.39348
30,50,O_15M,69,old,angry,60,7.250245
30,50,Y_58M,22,young,neutral,20,8.44187
30,50,Y_71F,20,young,neutral,35,6.417935
30,50,Y_38F,24,young,angry,27,4.411975
30,50,Y_54M,26,young,happy,30,7.07731
30,50,O_40F,61,old,happy,60,15.90364
30,50,O_20M,65,old,angry,62,12.932435
30,50,O_58M,64,old,happy,55,7.060225
30,50,Y_40F,28,young,happy,28,7.335325
30,50,Y_57M,23,young,neutral,30,13.023015
30,50,Y_11M,20,young,angry,31,16.149345
30,50,Y_17F,33,young,angry,27,7.38641
30,50,O_08M,65,old,angry,50,9.513695
30,50,O_38F,65,old,happy,56,7.80028
30,50,O_67M,61,old,neutral,56,9.534085
30,50,Y_15M,20,young,angry,35,7.2311
30,50,Y_66F,26,young,happy,30,7.401645
30,50,O_17M,69,old,angry,60,10.468575
30,50,Y_46M,18,young,happy,38,16.63153
30,50,Y_55M,24,young,neutral,29,5.82986
30,50,O_29F,63,old,angry,50,5.692515
30,50,O_48F,65,old,neutral,50,3.61291
30,50,O_64M,65,old,neutral,60,17.987605
30,50,Y_48F,23,young,happy,22,8.624645
30,50,Y_72F,25,young,neutral,35,11.101635
31,51,O_42M,75,old,happy,66,4.70922
31,51,Y_38F,24,young,angry,28,4.763815
31,51,O_50M,65,old,happy,65,6.08274
31,51,O_20M,65,old,angry,59,4.549595
31,51,Y_57M,23,young,neutral,28,5.66471
31,51,O_28F,64,old,angry,60,5.500415
31,51,O_10F,60,old,angry,55,3.797115
31,51,Y_12F,18,young,angry,29,6.728825
31,51,O_71M,65,old,neutral,68,4.28067
31,51,Y_30M,25,young,happy,32,4.16009
31,51,Y_66F,26,young,happy,30,3.86468
31,51,Y_71F,20,young,neutral,31,3.59969
31,51,O_29F,63,old,angry,60,7.679945
31,51,Y_15M,20,young,angry,34,4.13141
31,51,Y_1M,19,young,angry,22,5.84542
31,51,Y_54M,26,young,happy,25,3.664615
31,51,Y_14F,21,young,angry,29,5.366595
31,51,O_53F,64,old,neutral,60,8.379975
31,51,O_56F,65,old,neutral,58,3.596585
31,51,O_38F,65,old,happy,60,3.380885
31,51,O_64M,65,old,neutral,65,4.88079
31,51,O_58M,64,old,happy,65,2.316475
31,51,Y_17F,33,young,angry,23,5.9663
31,51,Y_40F,28,young,happy,26,6.366785
31,51,Y_46M,18,young,happy,25,4.360835
31,51,Y_48F,23,young,happy,28,5.89974
31,51,Y_69F,28,young,neutral,34,4.631795
31,51,Y_75M,30,young,neutral,32,4.746365
31,51,Y_55M,24,young,neutral,23,6.846185
31,51,O_48F,65,old,neutral,68,4.280555
31,51,Y_72F,25,young,neutral,28,7.016545
31,51,O_17M,69,old,angry,65,3.778115
31,51,Y_27M,23,young,angry,33,3.91321
31,51,O_23F,66,old,angry,68,3.395785
31,51,O_21M,65,old,happy,69,3.846815
31,51,Y_58M,22,young,neutral,27,5.283635
31,51,O_65M,65,old,neutral,67,4.576905
31,51,O_47F,60,old,neutral,61,7.232765
31,51,O_43F,62,old,happy,61,4.231375
31,51,O_67M,61,old,neutral,65,2.81822
31,51,Y_6F,23,young,neutral,22,5.34604
31,51,Y_28M,20,young,happy,25,3.04433
31,51,O_40F,61,old,happy,58,4.400175
31,51,Y_4F,19,young,happy,50,7.514365
31,51,O_15M,69,old,angry,60,5.149805
31,51,O_08M,65,old,angry,65,7.00988
31,51,Y_11M,20,young,angry,25,7.748465
31,51,O_34F,65,old,happy,68,6.379575
32,50,O_42M,75,old,happy,75,25.189045
32,50,Y_17F,33,young,angry,30,9.46282
32,50,Y_46M,18,young,happy,36,12.24555
32,50,O_28F,64,old,angry,68,11.731995
32,50,O_08M,65,old,angry,58,8.79608
32,50,O_40F,61,old,happy,55,10.412925
32,50,Y_75M,30,young,neutral,45,10.253175
32,50,O_56F,65,old,neutral,63,8.245565
32,50,O_10F,60,old,angry,58,6.346875
32,50,O_53F,64,old,neutral,54,8.128595
32,50,Y_12F,18,young,angry,34,8.045755
32,50,Y_30M,25,young,happy,28,8.64711
32,50,Y_55M,24,young,neutral,23,10.829045
32,50,O_29F,63,old,angry,65,6.42991
32,50,Y_66F,26,young,happy,31,6.614545
32,50,O_38F,65,old,happy,62,10.444915
32,50,Y_27M,23,young,angry,28,5.68013
32,50,Y_69F,28,young,neutral,29,9.63043
32,50,O_21M,65,old,happy,67,8.812815
32,50,O_64M,65,old,neutral,70,10.06238
32,50,O_71M,65,old,neutral,80,9.363
32,50,O_50M,65,old,happy,58,10.646175
32,50,O_15M,69,old,angry,67,10.812485
32,50,Y_4F,19,young,happy,24,8.063855
32,50,Y_71F,20,young,neutral,23,17.427175
32,50,Y_1M,19,young,angry,20,5.446015
32,50,Y_54M,26,young,happy,30,6.51417
32,50,O_34F,65,old,happy,65,4.163745
32,50,O_48F,65,old,neutral,65,4.797565
32,50,O_17M,69,old,angry,60,3.929965
32,50,O_23F,66,old,angry,65,5.646455
32,50,O_47F,60,old,neutral,50,6.46456
32,50,O_20M,65,old,angry,63,7.363275
32,50,Y_48F,23,young,happy,20,5.46372
32,50,Y_14F,21,young,angry,19,5.046695
32,50,Y_57M,23,young,neutral,21,7.612925
32,50,Y_72F,25,young,neutral,35,5.413545
32,50,O_67M,61,old,neutral,60,6.980435
32,50,O_58M,64,old,happy,54,4.846395
32,50,O_43F,62,old,happy,53,5.1638
32,50,O_65M,65,old,neutral,61,5.230885
32,50,Y_58M,22,young,neutral,18,4.413715
32,50,Y_15M,20,young,angry,28,4.130685
32,50,Y_6F,23,young,neutral,18,5.88042
32,50,Y_28M,20,young,happy,24,5.046925
32,50,Y_11M,20,young,angry,26,4.179915
32,50,Y_40F,28,young,happy,28,4.46454
32,50,Y_38F,24,young,angry,29,6.04701
33,55,O_43F,62,old,happy,55,11.540705
33,55,O_23F,66,old,angry,58,5.1817
33,55,O_17M,69,old,angry,60,5.127575
33,55,Y_72F,25,young,neutral,30,5.09663
33,55,Y_14F,21,young,angry,18,6.228055
33,55,O_28F,64,old,angry,60,5.479455
33,55,O_56F,65,old,neutral,45,3.859365
33,55,Y_6F,23,young,neutral,18,4.178645
33,55,Y_66F,26,young,happy,18,4.84608
33,55,Y_1M,19,young,angry,25,4.69591
33,55,Y_15M,20,young,angry,28,5.8788
33,55,O_58M,64,old,happy,60,6.19433
33,55,O_15M,69,old,angry,62,4.82771
33,55,Y_75M,30,young,neutral,32,6.228575
33,55,O_34F,65,old,happy,55,3.91167
33,55,O_53F,64,old,neutral,50,4.545785
33,55,O_40F,61,old,happy,58,6.17867
33,55,O_42M,75,old,happy,75,4.809405
33,55,Y_30M,25,young,happy,30,4.096185
33,55,Y_4F,19,young,happy,32,4.313025
33,55,Y_12F,18,young,angry,30,6.178965
33,55,O_10F,60,old,angry,50,5.109285
33,55,O_64M,65,old,neutral,65,4.84555
33,55,Y_11M,20,young,angry,20,6.261345
33,55,Y_40F,28,young,happy,20,5.87608
33,55,Y_27M,23,young,angry,22,6.26234
33,55,O_47F,60,old,neutral,45,3.929575
33,55,Y_38F,24,young,angry,30,4.74834
33,55,Y_17F,33,young,angry,35,4.24449
33,55,O_67M,61,old,neutral,65,3.414955
33,55,Y_57M,23,young,neutral,25,4.83084
33,55,O_65M,65,old,neutral,68,4.245215
33,55,O_38F,65,old,happy,65,3.46462
33,55,O_20M,65,old,angry,62,9.01064
33,55,Y_48F,23,young,happy,25,5.528955
33,55,O_08M,65,old,angry,60,4.462
33,55,O_29F,63,old,angry,50,3.64545
33,55,Y_28M,20,young,happy,23,4.42905
33,55,O_71M,65,old,neutral,65,5.6958
33,55,Y_71F,20,young,neutral,20,5.97879
33,55,O_50M,65,old,happy,65,4.1448
33,55,O_48F,65,old,neutral,55,5.596485
33,55,Y_69F,28,young,neutral,25,4.695165
33,55,Y_46M,18,young,happy,30,6.412385
33,55,O_21M,65,old,happy,68,5.22891
33,55,Y_55M,24,young,neutral,23,4.362265
33,55,Y_58M,22,young,neutral,20,4.511595
33,55,Y_54M,26,young,happy,25,3.825995
34,52,O_50M,65,old,happy,58,3.910325
34,52,O_67M,61,old,neutral,60,3.697195
34,52,O_71M,65,old,neutral,65,4.03052
34,52,Y_69F,28,young,neutral,35,5.547605
34,52,O_20M,65,old,angry,60,4.49651
34,52,O_17M,69,old,angry,60,5.663275
34,52,Y_15M,20,young,angry,28,5.19884
34,52,Y_30M,25,young,happy,26,5.68032
34,52,O_29F,63,old,angry,45,4.097055
34,52,Y_4F,19,young,happy,40,5.647725
34,52,O_42M,75,old,happy,78,3.54663
34,52,Y_72F,25,young,neutral,40,5.41352
34,52,Y_38F,24,young,angry,35,4.931255
34,52,O_23F,66,old,angry,60,4.713075
34,52,Y_75M,30,young,neutral,44,4.880435
34,52,Y_46M,18,young,happy,42,5.696565
34,52,Y_1M,19,young,angry,37,5.845975
34,52,O_56F,65,old,neutral,56,4.23017
34,52,Y_71F,20,young,neutral,30,4.648245
34,52,Y_14F,21,young,angry,26,5.330365
34,52,O_21M,65,old,happy,70,3.279265
34,52,Y_57M,23,young,neutral,28,4.3968
34,52,Y_55M,24,young,neutral,28,5.39686
34,52,Y_27M,23,young,angry,25,4.63016
34,52,O_40F,61,old,happy,40,3.36382
34,52,O_47F,60,old,neutral,50,3.91431
34,52,Y_58M,22,young,neutral,26,5.06223
34,52,O_08M,65,old,angry,60,2.947095
34,52,O_43F,62,old,happy,58,4.23061
34,52,O_10F,60,old,angry,55,6.030475
34,52,O_38F,65,old,happy,58,4.0298
34,52,O_28F,64,old,angry,65,3.866635
34,52,Y_28M,20,young,happy,40,4.314185
34,52,Y_6F,23,young,neutral,25,3.865
34,52,Y_48F,23,young,happy,25,3.881035
34,52,Y_11M,20,young,angry,20,3.814275
34,52,O_48F,65,old,neutral,60,3.88022
34,52,Y_40F,28,young,happy,35,4.21435
34,52,O_64M,65,old,neutral,58,3.49737
34,52,Y_66F,26,young,happy,38,4.797255
34,52,Y_12F,18,young,angry,30,4.196925
34,52,O_53F,64,old,neutral,57,4.763825
34,52,O_65M,65,old,neutral,66,3.94776
34,52,O_15M,69,old,angry,78,2.86469
34,52,Y_54M,26,young,happy,36,5.28072
34,52,O_58M,64,old,happy,40,4.796565
34,52,Y_17F,33,young,angry,35,4.49645
34,52,O_34F,65,old,happy,50,4.464145
35,52,Y_38F,24,young,angry,32,20.9199
35,52,O_29F,63,old,angry,60,9.07945
35,52,Y_69F,28,young,neutral,35,5.847625
35,52,Y_11M,20,young,angry,45,4.614265
35,52,O_48F,65,old,neutral,75,4.63096
35,52,Y_57M,23,young,neutral,20,3.86399
35,52,Y_48F,23,young,happy,27,5.84838
35,52,O_28F,64,old,angry,85,13.06547
35,52,O_53F,64,old,neutral,70,5.371315
35,52,O_50M,65,old,happy,70,3.613925
35,52,O_58M,64,old,happy,73,5.09509
35,52,O_15M,69,old,angry,78,13.278765
35,52,Y_46M,18,young,happy,20,5.514075
35,52,Y_27M,23,young,angry,25,8.03033
35,52,O_10F,60,old,angry,48,4.59729
35,52,Y_75M,30,young,neutral,45,7.28038
35,52,Y_54M,26,young,happy,52,4.180525
35,52,O_20M,65,old,angry,80,7.31335
35,52,O_21M,65,old,happy,75,9.84696
35,52,O_08M,65,old,angry,75,3.597185
35,52,O_71M,65,old,neutral,85,3.2476
35,52,O_67M,61,old,neutral,82,4.71392
35,52,Y_4F,19,young,happy,48,3.89788
35,52,O_40F,61,old,happy,73,4.5309
35,52,Y_30M,25,young,happy,38,7.96365
35,52,O_56F,65,old,neutral,58,5.23052
35,52,Y_28M,20,young,happy,36,11.162785
35,52,Y_17F,33,young,angry,25,9.463065
35,52,O_43F,62,old,happy,57,5.6812
35,52,Y_72F,25,young,neutral,37,8.730415
35,52,O_17M,69,old,angry,68,5.26319
35,52,Y_14F,21,young,angry,31,5.262465
35,52,O_65M,65,old,neutral,78,3.846775
35,52,O_38F,65,old,happy,57,4.36398
35,52,O_34F,65,old,happy,59,5.148175
35,52,Y_55M,24,young,neutral,24,7.88089
35,52,O_42M,75,old,happy,83,20.97853
35,52,Y_15M,20,young,angry,39,7.59753
35,52,Y_12F,18,young,angry,30,17.97887
35,52,Y_58M,22,young,neutral,19,14.01277
35,52,Y_6F,23,young,neutral,19,5.396965
35,52,Y_66F,26,young,happy,21,10.762875
35,52,Y_71F,20,young,neutral,24,7.113885
35,52,O_47F,60,old,neutral,53,12.96305
35,52,Y_40F,28,young,happy,29,7.280325
35,52,O_23F,66,old,angry,68,18.72887
35,52,O_64M,65,old,neutral,77,8.63029
35,52,Y_1M,19,young,angry,28,8.197505
36,52,Y_14F,21,young,angry,26,11.876275
36,52,Y_69F,28,young,neutral,32,5.632165
36,52,Y_72F,25,young,neutral,32,9.02948
36,52,O_38F,65,old,happy,50,5.513585
36,52,O_34F,65,old,happy,50,5.16384
36,52,Y_11M,20,young,angry,28,6.347775
36,52,O_47F,60,old,neutral,55,6.94324
36,52,O_29F,63,old,angry,50,4.580905
36,52,O_08M,65,old,angry,60,5.146475
36,52,Y_55M,24,young,neutral,30,6.23044
36,52,Y_30M,25,young,happy,30,6.515645
36,52,Y_46M,18,young,happy,28,6.34646
36,52,O_43F,62,old,happy,60,9.28629
36,52,O_10F,60,old,angry,55,4.12043
36,52,Y_17F,33,young,angry,25,7.10572
36,52,O_20M,65,old,angry,60,7.413285
36,52,Y_38F,24,young,angry,30,5.81299
36,52,Y_75M,30,young,neutral,42,5.697225
36,52,O_48F,65,old,neutral,70,8.89739
36,52,O_53F,64,old,neutral,55,5.296825
36,52,Y_12F,18,young,angry,30,5.29713
36,52,O_58M,64,old,happy,60,6.130505
36,52,O_28F,64,old,angry,75,9.348965
36,52,Y_27M,23,young,angry,32,5.630595
36,52,Y_28M,20,young,happy,28,4.930695
36,52,Y_54M,26,young,happy,28,5.380505
36,52,Y_48F,23,young,happy,28,6.664695
36,52,O_67M,61,old,neutral,65,4.097465
36,52,O_17M,69,old,angry,60,5.697005
36,52,Y_6F,23,young,neutral,26,11.91287
36,52,O_56F,65,old,neutral,65,4.18093
36,52,O_42M,75,old,happy,70,6.33077
36,52,Y_40F,28,young,happy,35,4.613435
36,52,Y_58M,22,young,neutral,32,4.980215
36,52,Y_4F,19,young,happy,38,8.2466
36,52,O_40F,61,old,happy,55,7.96356
36,52,Y_1M,19,young,angry,26,9.06333
36,52,Y_15M,20,young,angry,26,4.963615
36,52,Y_66F,26,young,happy,20,4.682145
36,52,O_65M,65,old,neutral,75,4.71402
36,52,Y_57M,23,young,neutral,30,6.064065
36,52,O_64M,65,old,neutral,55,4.147935
36,52,O_21M,65,old,happy,60,4.79721
36,52,O_50M,65,old,happy,65,5.26364
36,52,O_15M,69,old,angry,65,4.030355
36,52,Y_71F,20,young,neutral,30,7.413225
36,52,O_71M,65,old,neutral,65,8.3963
36,52,O_23F,66,old,angry,60,5.59648
37,53,Y_14F,21,young,angry,30,9.7893
37,53,Y_54M,26,young,happy,43,11.039455
37,53,Y_55M,24,young,neutral,36,5.856285
37,53,Y_12F,18,young,angry,40,9.90597
37,53,O_43F,62,old,happy,70,5.689305
37,53,O_56F,65,old,neutral,73,8.38685
37,53,O_29F,63,old,angry,71,6.85599
37,53,Y_66F,26,young,happy,35,5.541035
37,53,O_48F,65,old,neutral,80,6.60682
37,53,Y_75M,30,young,neutral,45,8.89014
37,53,O_53F,64,old,neutral,78,5.838635
37,53,Y_71F,20,young,neutral,34,7.372795
37,53,O_67M,61,old,neutral,70,13.42352
37,53,Y_15M,20,young,angry,40,8.190115
37,53,O_17M,69,old,angry,70,11.10652
37,53,Y_28M,20,young,happy,20,6.72178
37,53,O_50M,65,old,happy,70,8.988855
37,53,O_10F,60,old,angry,67,7.223205
37,53,Y_40F,28,young,happy,40,6.257445
37,53,Y_27M,23,young,angry,40,7.19047
37,53,Y_69F,28,young,neutral,42,5.28885
37,53,O_28F,64,old,angry,82,10.32489
37,53,Y_30M,25,young,happy,45,5.240325
37,53,O_64M,65,old,neutral,70,5.523875
37,53,O_65M,65,old,neutral,73,5.23712
37,53,O_47F,60,old,neutral,63,7.689985
37,53,Y_57M,23,young,neutral,35,9.08945
37,53,O_34F,65,old,happy,65,8.155725
37,53,O_23F,66,old,angry,73,6.45746
37,53,O_42M,75,old,happy,76,4.98619
37,53,O_21M,65,old,happy,70,10.085425
37,53,Y_72F,25,young,neutral,40,7.924275
37,53,O_58M,64,old,happy,65,6.056655
37,53,Y_17F,33,young,angry,36,18.53894
37,53,O_20M,65,old,angry,76,4.87296
37,53,Y_38F,24,young,angry,36,16.02336
37,53,Y_46M,18,young,happy,44,9.807465
37,53,Y_1M,19,young,angry,35,5.22223
37,53,O_40F,61,old,happy,65,14.53976
37,53,O_08M,65,old,angry,70,5.73953
37,53,O_15M,69,old,angry,80,11.1365
37,53,Y_11M,20,young,angry,30,7.9219
37,53,Y_58M,22,young,neutral,40,9.33956
37,53,O_38F,65,old,happy,64,5.906005
37,53,Y_4F,19,young,happy,43,5.27386
37,53,O_71M,65,old,neutral,74,7.470615
37,53,Y_6F,23,young,neutral,32,5.389845
37,53,Y_48F,23,young,happy,24,10.67435
40,44,O_15M,69,old,angry,58,20.136695
40,44,Y_40F,28,young,happy,37,20.595055
40,44,Y_6F,23,young,neutral,30,15.178615
40,44,O_67M,61,old,neutral,65,7.729965
40,44,Y_12F,18,young,angry,32,16.628605
40,44,O_50M,65,old,happy,54,7.77945
40,44,O_65M,65,old,neutral,62,8.82969
40,44,Y_11M,20,young,angry,25,7.346735
40,44,Y_58M,22,young,neutral,27,6.89605
40,44,O_48F,65,old,neutral,65,8.796665
40,44,Y_27M,23,young,angry,33,5.01366
40,44,Y_17F,33,young,angry,29,8.263145
40,44,O_64M,65,old,neutral,62,7.912775
40,44,Y_28M,20,young,happy,31,9.796825
40,44,O_23F,66,old,angry,69,7.944965
40,44,Y_54M,26,young,happy,32,3.812735
40,44,Y_30M,25,young,happy,28,4.430945
40,44,O_21M,65,old,happy,67,9.429515
40,44,Y_38F,24,young,angry,27,11.012625
40,44,Y_66F,26,young,happy,30,4.881775
40,44,O_29F,63,old,angry,57,7.429245
40,44,O_58M,64,old,happy,55,7.82938
40,44,Y_57M,23,young,neutral,37,4.59697
40,44,Y_14F,21,young,angry,32,14.82839
40,44,O_17M,69,old,angry,68,9.879485
40,44,O_53F,64,old,neutral,56,14.912255
40,44,Y_46M,18,young,happy,40,5.26358
40,44,O_08M,65,old,angry,53,4.796165
40,44,O_38F,65,old,happy,58,5.680475
40,44,Y_48F,23,young,happy,35,5.4303
40,44,Y_1M,19,young,angry,28,7.213015
40,44,Y_55M,24,young,neutral,35,10.57952
40,44,O_43F,62,old,happy,69,11.862615
40,44,O_40F,61,old,happy,68,5.830265
40,44,Y_15M,20,young,angry,35,4.39695
40,44,O_71M,65,old,neutral,72,7.22977
40,44,O_56F,65,old,neutral,70,5.130325
40,44,O_34F,65,old,happy,62,8.246395
40,44,Y_72F,25,young,neutral,40,7.03668
40,44,Y_71F,20,young,neutral,35,5.354355
40,44,O_28F,64,old,angry,68,8.68762
40,44,Y_75M,30,young,neutral,37,7.569995
40,44,Y_69F,28,young,neutral,30,16.279235
40,44,O_20M,65,old,angry,62,8.996315
40,44,Y_4F,19,young,happy,38,18.296115
40,44,O_10F,60,old,angry,48,14.461895
40,44,O_47F,60,old,neutral,54,10.89815
40,44,O_42M,75,old,happy,70,11.479135
42,59,O_40F,61,old,happy,50,10.85958
42,59,O_53F,64,old,neutral,45,5.08643
42,59,O_48F,65,old,neutral,60,4.936365
42,59,Y_48F,23,young,happy,25,9.40862
42,59,O_42M,75,old,happy,80,47.01925
42,59,Y_72F,25,young,neutral,45,13.260745
42,59,Y_17F,33,young,angry,32,2.671625
42,59,Y_58M,22,young,neutral,35,3.326375
42,59,Y_54M,26,young,happy,35,4.284315
42,59,O_08M,65,old,angry,55,4.44699
42,59,O_65M,65,old,neutral,65,3.923345
42,59,O_47F,60,old,neutral,55,3.60854
42,59,Y_15M,20,young,angry,45,2.83061
42,59,O_58M,64,old,happy,55,2.263655
42,59,Y_1M,19,young,angry,32,10.993365
42,59,Y_14F,21,young,angry,28,5.04466
42,59,O_38F,65,old,happy,45,3.795095
42,59,Y_11M,20,young,angry,28,4.978055
42,59,O_23F,66,old,angry,65,12.92526
42,59,Y_46M,18,young,happy,40,3.483245
42,59,Y_28M,20,young,happy,25,2.14445
42,59,O_43F,62,old,happy,50,4.62736
42,59,O_20M,65,old,angry,65,2.39183
42,59,Y_40F,28,young,happy,32,5.523765
42,59,O_17M,69,old,angry,65,2.59139
42,59,Y_75M,30,young,neutral,45,4.03639
42,59,O_64M,65,old,neutral,55,16.966425
42,59,Y_69F,28,young,neutral,32,6.45827
42,59,O_29F,63,old,angry,65,2.421855
42,59,Y_30M,25,young,happy,35,2.90473
42,59,Y_55M,24,young,neutral,25,3.420815
42,59,O_21M,65,old,happy,65,3.011115
42,59,O_71M,65,old,neutral,65,21.284455
42,59,Y_38F,24,young,angry,23,2.9315
42,59,O_10F,60,old,angry,50,3.89399
42,59,O_28F,64,old,angry,70,4.63014
42,59,Y_57M,23,young,neutral,35,41.164185
42,59,O_15M,69,old,angry,75,2.87402
42,59,O_56F,65,old,neutral,50,4.23902
42,59,Y_71F,20,young,neutral,30,3.108005
42,59,O_50M,65,old,happy,65,3.29512
42,59,O_34F,65,old,happy,55,1.92726
42,59,Y_66F,26,young,happy,25,2.809575
42,59,Y_27M,23,young,angry,35,7.290315
42,59,Y_4F,19,young,happy,32,4.04432
42,59,Y_6F,23,young,neutral,20,4.641695
42,59,Y_12F,18,young,angry,35,7.76168
42,59,O_67M,61,old,neutral,48,36.923275
45,53,O_48F,65,old,neutral,70,22.45043
45,53,Y_11M,20,young,angry,28,7.013665
45,53,Y_69F,28,young,neutral,35,5.037365
45,53,O_23F,66,old,angry,65,6.511735
45,53,O_21M,65,old,happy,60,4.86155
45,53,Y_14F,21,young,angry,23,9.23748
45,53,Y_72F,25,young,neutral,25,6.811125
45,53,O_64M,65,old,neutral,65,5.906555
45,53,O_47F,60,old,neutral,60,10.486285
45,53,O_58M,64,old,happy,60,6.86591
45,53,O_42M,75,old,happy,80,7.41556
45,53,Y_58M,22,young,neutral,23,5.226995
45,53,O_38F,65,old,happy,62,10.511985
45,53,Y_12F,18,young,angry,25,8.663485
45,53,Y_71F,20,young,neutral,30,13.33723
45,53,Y_66F,26,young,happy,26,25.05044
45,53,Y_4F,19,young,happy,38,10.512425
45,53,O_67M,61,old,neutral,58,14.60289
45,53,Y_40F,28,young,happy,26,4.694235
45,53,Y_55M,24,young,neutral,30,27.22807
45,53,O_28F,64,old,angry,65,5.348725
45,53,Y_30M,25,young,happy,35,7.13544
45,53,Y_15M,20,young,angry,28,8.97024
45,53,Y_6F,23,young,neutral,22,3.133345
45,53,O_50M,65,old,happy,65,4.294245
45,53,Y_46M,18,young,happy,30,15.011735
45,53,O_20M,65,old,angry,65,21.44426
45,53,Y_75M,30,young,neutral,38,32.65655
45,53,O_65M,65,old,neutral,68,10.82024
45,53,Y_17F,33,young,angry,28,5.44962
45,53,O_40F,61,old,happy,55,5.13404
45,53,Y_38F,24,young,angry,35,4.11711
45,53,O_43F,62,old,happy,60,6.759105
45,53,O_53F,64,old,neutral,60,8.19128
45,53,Y_27M,23,young,angry,30,15.5765
45,53,O_10F,60,old,angry,58,6.394045
45,53,Y_54M,26,young,happy,30,10.793245
45,53,Y_1M,19,young,angry,27,4.147545
45,53,O_71M,65,old,neutral,65,4.66684
45,53,O_17M,69,old,angry,65,6.2014
45,53,O_15M,69,old,angry,68,21.98076
45,53,O_29F,63,old,angry,60,6.392465
45,53,Y_28M,20,young,happy,23,7.320655
45,53,O_56F,65,old,neutral,62,5.215885
45,53,Y_48F,23,young,happy,20,14.55895
45,53,Y_57M,23,young,neutral,25,9.33541
45,53,O_34F,65,old,happy,60,6.95255
45,53,O_08M,65,old,angry,62,15.416595
46,54,Y_71F,20,young,neutral,37,22.687225
46,54,Y_46M,18,young,happy,34,14.811505
46,54,O_10F,60,old,angry,57,9.422575
46,54,Y_6F,23,young,neutral,25,14.437
46,54,Y_15M,20,young,angry,34,10.62305
46,54,Y_12F,18,young,angry,45,7.156095
46,54,O_71M,65,old,neutral,75,10.972525
46,54,Y_14F,21,young,angry,28,8.40579
46,54,Y_38F,24,young,angry,31,18.918485
46,54,O_58M,64,old,happy,54,5.2724
46,54,O_64M,65,old,neutral,65,9.27954
46,54,O_65M,65,old,neutral,58,11.5723
46,54,O_21M,65,old,happy,60,14.502295
46,54,Y_17F,33,young,angry,25,6.772225
46,54,Y_55M,24,young,neutral,32,6.88571
46,54,O_20M,65,old,angry,72,9.22989
46,54,O_50M,65,old,happy,68,11.405925
46,54,O_47F,60,old,neutral,55,6.630625
46,54,O_67M,61,old,neutral,57,8.646345
46,54,Y_54M,26,young,happy,38,7.629675
46,54,Y_27M,23,young,angry,32,9.596045
46,54,Y_11M,20,young,angry,31,12.42935
46,54,O_53F,64,old,neutral,56,9.331825
46,54,O_29F,63,old,angry,54,16.24562
46,54,O_43F,62,old,happy,54,10.829435
46,54,O_34F,65,old,happy,56,8.513265
46,54,Y_57M,23,young,neutral,31,7.497485
46,54,O_40F,61,old,happy,57,16.24531
46,54,O_42M,75,old,happy,75,5.28007
46,54,O_15M,69,old,angry,72,11.87889
46,54,O_56F,65,old,neutral,48,9.59624
46,54,Y_75M,30,young,neutral,47,9.7647
46,54,Y_4F,19,young,happy,37,19.04557
46,54,Y_48F,23,young,happy,40,8.81325
46,54,O_48F,65,old,neutral,65,5.75467
46,54,Y_40F,28,young,happy,32,12.88044
46,54,Y_1M,19,young,angry,48,6.913505
46,54,Y_69F,28,young,neutral,42,7.313795
46,54,O_08M,65,old,angry,67,10.429405
46,54,Y_30M,25,young,happy,41,8.513205
46,54,Y_58M,22,young,neutral,36,6.36528
46,54,Y_72F,25,young,neutral,33,6.11319
46,54,Y_28M,20,young,happy,31,13.3791
46,54,O_28F,64,old,angry,67,10.531825
46,54,O_38F,65,old,happy,63,9.84684
46,54,O_23F,66,old,angry,68,20.861695
46,54,Y_66F,26,young,happy,26,7.979975
46,54,O_17M,69,old,angry,57,7.33041
47,51,Y_1M,19,young,angry,23,5.773585
47,51,O_29F,63,old,angry,57,4.68038
47,51,O_17M,69,old,angry,64,3.464015
47,51,Y_55M,24,young,neutral,28,5.714305
47,51,Y_57M,23,young,neutral,23,3.630345
47,51,Y_75M,30,young,neutral,35,3.647775
47,51,Y_4F,19,young,happy,28,4.014405
47,51,Y_72F,25,young,neutral,32,4.91541
47,51,Y_71F,20,young,neutral,30,4.2579
47,51,O_38F,65,old,happy,50,4.73083
47,51,Y_40F,28,young,happy,26,4.26394
47,51,O_10F,60,old,angry,50,5.36474
47,51,Y_11M,20,young,angry,28,4.747165
47,51,O_71M,65,old,neutral,65,4.930895
47,51,O_58M,64,old,happy,70,2.96933
47,51,O_28F,64,old,angry,70,4.264085
47,51,O_50M,65,old,happy,68,3.71342
47,51,Y_46M,18,young,happy,32,7.99704
47,51,O_42M,75,old,happy,78,7.979625
47,51,O_40F,61,old,happy,70,7.063845
47,51,Y_28M,20,young,happy,18,6.330635
47,51,O_67M,61,old,neutral,60,3.98047
47,51,O_53F,64,old,neutral,60,4.21418
47,51,Y_6F,23,young,neutral,30,4.880385
47,51,O_64M,65,old,neutral,65,5.04587
47,51,Y_48F,23,young,happy,25,5.51363
47,51,Y_27M,23,young,angry,27,4.329145
47,51,O_47F,60,old,neutral,48,5.04856
47,51,O_56F,65,old,neutral,50,3.148
47,51,Y_38F,24,young,angry,28,6.76462
47,51,Y_12F,18,young,angry,27,4.514085
47,51,Y_15M,20,young,angry,30,8.363885
47,51,O_08M,65,old,angry,60,8.413545
47,51,Y_30M,25,young,happy,33,7.36398
47,51,O_48F,65,old,neutral,60,6.464975
47,51,Y_14F,21,young,angry,25,4.363445
47,51,Y_54M,26,young,happy,28,4.54768
47,51,O_15M,69,old,angry,65,4.18038
47,51,O_34F,65,old,happy,58,4.24773
47,51,Y_66F,26,young,happy,30,3.881925
47,51,O_21M,65,old,happy,60,6.213475
47,51,O_43F,62,old,happy,62,4.630295
47,51,Y_58M,22,young,neutral,27,4.91428
47,51,Y_17F,33,young,angry,30,4.05657
47,51,Y_69F,28,young,neutral,33,4.131155
47,51,O_65M,65,old,neutral,58,5.614465
47,51,O_20M,65,old,angry,70,3.94782
47,51,O_23F,66,old,angry,64,3.797305
4,62,Y_71F,20,young,neutral,30,9.489035
4,62,O_15M,69,old,angry,70,5.810105
4,62,Y_30M,25,young,happy,27,7.50375
4,62,Y_75M,30,young,neutral,32,4.098425
4,62,O_17M,69,old,angry,45,4.04026
4,62,O_21M,65,old,happy,68,4.403435
4,62,O_67M,61,old,neutral,75,4.528035
4,62,Y_48F,23,young,happy,23,5.48682
4,62,O_50M,65,old,happy,68,4.78786
4,62,O_29F,63,old,angry,60,4.994265
4,62,O_38F,65,old,happy,63,11.94367
4,62,O_53F,64,old,neutral,63,9.75759
4,62,O_23F,66,old,angry,68,6.02865
4,62,O_58M,64,old,happy,62,9.509305
4,62,Y_58M,22,young,neutral,26,4.60964
4,62,O_08M,65,old,angry,50,11.75534
4,62,Y_14F,21,young,angry,24,10.68666
4,62,Y_69F,28,young,neutral,25,8.503715
4,62,Y_28M,20,young,happy,23,6.959645
4,62,Y_17F,33,young,angry,26,12.1729
4,62,O_10F,60,old,angry,40,16.36825
4,62,Y_40F,28,young,happy,32,7.47676
4,62,Y_72F,25,young,neutral,36,7.30886
4,62,O_43F,62,old,happy,53,7.62767
4,62,Y_57M,23,young,neutral,28,7.33003
4,62,O_64M,65,old,neutral,71,5.190745
4,62,Y_38F,24,young,angry,25,7.198565
4,62,Y_6F,23,young,neutral,23,11.29406
4,62,O_56F,65,old,neutral,65,5.001065
4,62,O_42M,75,old,happy,75,4.76677
4,62,Y_12F,18,young,angry,27,6.96189
4,62,O_20M,65,old,angry,63,7.947805
4,62,Y_15M,20,young,angry,38,5.328885
4,62,Y_4F,19,young,happy,28,10.522455
4,62,O_28F,64,old,angry,68,12.36448
4,62,O_34F,65,old,happy,63,5.31619
4,62,O_47F,60,old,neutral,55,5.156025
4,62,Y_11M,20,young,angry,30,7.80074
4,62,Y_54M,26,young,happy,27,5.892695
4,62,O_71M,65,old,neutral,70,10.27071
4,62,O_65M,65,old,neutral,73,6.84737
4,62,Y_46M,18,young,happy,33,5.333765
4,62,Y_1M,19,young,angry,28,6.724285
4,62,O_40F,61,old,happy,60,9.086775
4,62,O_48F,65,old,neutral,66,4.76033
4,62,Y_55M,24,young,neutral,32,10.2285
4,62,Y_66F,26,young,happy,30,6.2208
4,62,Y_27M,23,young,angry,30,14.733575
56,51,O_56F,65,old,neutral,60,4.637
56,51,Y_66F,26,young,happy,20,2.507
56,51,O_34F,65,old,happy,60,2.655
56,51,Y_14F,21,young,angry,35,3.222
56,51,O_23F,66,old,angry,69,4.388
56,51,Y_1M,19,young,angry,20,3.538
56,51,O_17M,69,old,angry,70,4.889
56,51,O_65M,65,old,neutral,72,3.589
56,51,O_64M,65,old,neutral,70,5.372
56,51,Y_28M,20,young,happy,19,4.021
56,51,O_38F,65,old,happy,65,2.406
56,51,Y_27M,23,young,angry,20,2.305
56,51,O_28F,64,old,angry,65,3.359
56,51,Y_54M,26,young,happy,34,3.605
56,51,Y_17F,33,young,angry,24,3.439
56,51,O_08M,65,old,angry,69,3.589
56,51,O_10F,60,old,angry,50,2.906
56,51,O_43F,62,old,happy,68,3.254
56,51,O_42M,75,old,happy,70,3.255
56,51,Y_55M,24,young,neutral,26,4.039
56,51,Y_12F,18,young,angry,30,7.557
56,51,O_47F,60,old,neutral,65,3.139
56,51,Y_57M,23,young,neutral,29,3.038
56,51,O_20M,65,old,angry,70,3.505
56,51,Y_6F,23,young,neutral,26,2.855
56,51,O_48F,65,old,neutral,67,3.006
56,51,Y_69F,28,young,neutral,32,2.472
56,51,O_71M,65,old,neutral,69,4.039
56,51,O_67M,61,old,neutral,67,3.438
56,51,O_40F,61,old,happy,60,4.405
56,51,O_58M,64,old,happy,59,3.606
56,51,Y_4F,19,young,happy,20,4.721
56,51,O_53F,64,old,neutral,64,4.072
56,51,Y_46M,18,young,happy,35,2.521
56,51,Y_72F,25,young,neutral,39,3.524
56,51,Y_11M,20,young,angry,24,2.972
56,51,O_29F,63,old,angry,65,2.189
56,51,Y_58M,22,young,neutral,28,3.253
56,51,Y_15M,20,young,angry,35,2.106
56,51,Y_71F,20,young,neutral,34,2.489
56,51,O_21M,65,old,happy,70,3.19
56,51,O_15M,69,old,angry,70,3.223
56,51,Y_40F,28,young,happy,35,2.589
56,51,Y_75M,30,young,neutral,34,3.105
56,51,Y_30M,25,young,happy,40,2.956
56,51,Y_48F,23,young,happy,35,2.536
56,51,O_50M,65,old,happy,67,3.772
56,51,Y_38F,24,young,angry,35,2.739
58,51,Y_72F,25,young,neutral,34,26.57
58,51,Y_4F,19,young,happy,30,7.472
58,51,O_47F,60,old,neutral,65,10.005
58,51,Y_54M,26,young,happy,30,12.873
58,51,Y_55M,24,young,neutral,28,10.655
58,51,O_48F,65,old,neutral,70,5.756
58,51,Y_69F,28,young,neutral,31,7.056
58,51,O_20M,65,old,angry,70,5.689
58,51,O_43F,62,old,happy,80,5.639
58,51,Y_15M,20,young,angry,50,4.772
58,51,O_10F,60,old,angry,45,6.189
58,51,O_34F,65,old,happy,76,5.956
58,51,Y_1M,19,young,angry,28,8.489
58,51,O_40F,61,old,happy,68,7.672
58,51,O_42M,75,old,happy,90,48.762
58,51,Y_66F,26,young,happy,26,5.089
58,51,Y_27M,23,young,angry,30,4.855
58,51,O_15M,69,old,angry,70,7.721
58,51,O_21M,65,old,happy,69,4.956
58,51,Y_58M,22,young,neutral,20,5.172
58,51,Y_75M,30,young,neutral,35,6.771
58,51,O_17M,69,old,angry,65,6.939
58,51,O_53F,64,old,neutral,60,7.136
58,51,Y_28M,20,young,happy,26,6.924
58,51,Y_11M,20,young,angry,28,6.42
58,51,O_28F,64,old,angry,78,6.223
58,51,Y_71F,20,young,neutral,26,4.722
58,51,Y_14F,21,young,angry,25,5.172
58,51,O_38F,65,old,happy,65,3.505
58,51,Y_48F,23,young,happy,28,8.455
58,51,O_71M,65,old,neutral,73,3.637
58,51,O_58M,64,old,happy,68,3.089
58,51,Y_57M,23,young,neutral,30,3.121
58,51,Y_12F,18,young,angry,35,3.972
58,51,O_29F,63,old,angry,56,5.173
58,51,Y_17F,33,young,angry,46,4.553
58,51,O_08M,65,old,angry,70,3.522
58,51,Y_38F,24,young,angry,26,6.62
58,51,Y_30M,25,young,happy,40,4.706
58,51,O_67M,61,old,neutral,70,8.089
58,51,O_65M,65,old,neutral,71,5.521
58,51,O_23F,66,old,angry,61,5.072
58,51,O_50M,65,old,happy,73,7.721
58,51,O_56F,65,old,neutral,68,4.955
58,51,O_64M,65,old,neutral,76,3.839
58,51,Y_40F,28,young,happy,30,4.573
58,51,Y_6F,23,young,neutral,23,3.687
58,51,Y_46M,18,young,happy,30,3.821
59,51,Y_38F,24,young,angry,26,12.0491
59,51,Y_40F,28,young,happy,26,5.694
59,51,O_20M,65,old,angry,40,4.5193
59,51,O_40F,61,old,happy,50,8.0564
59,51,O_23F,66,old,angry,58,4.243
59,51,Y_58M,22,young,neutral,23,5.5234
59,51,Y_69F,28,young,neutral,28,2.8345
59,51,O_47F,60,old,neutral,55,4.2175
59,51,O_28F,64,old,angry,62,4.9693
59,51,Y_57M,23,young,neutral,35,6.6843
59,51,Y_75M,30,young,neutral,40,5.7435
59,51,Y_12F,18,young,angry,38,6.009
59,51,O_10F,60,old,angry,48,5.9535
59,51,Y_46M,18,young,happy,42,4.0433
59,51,O_08M,65,old,angry,52,5.0744
59,51,Y_11M,20,young,angry,32,4.7023
59,51,O_17M,69,old,angry,52,2.9885
59,51,Y_55M,24,young,neutral,36,5.0532
59,51,O_56F,65,old,neutral,59,4.0945
59,51,Y_72F,25,young,neutral,37,3.4719
59,51,Y_48F,23,young,happy,33,2.7444
59,51,O_42M,75,old,happy,63,3.904
59,51,Y_15M,20,young,angry,48,10.2188
59,51,O_65M,65,old,neutral,55,4.622
59,51,Y_30M,25,young,happy,42,6.2435
59,51,O_48F,65,old,neutral,62,11.1874
59,51,Y_4F,19,young,happy,39,6.7722
59,51,O_38F,65,old,happy,53,9.0822
59,51,Y_27M,23,young,angry,29,7.2365
59,51,Y_71F,20,young,neutral,33,3.637
59,51,Y_54M,26,young,happy,35,5.5914
59,51,Y_6F,23,young,neutral,26,3.2825
59,51,O_34F,65,old,happy,55,6.1766
59,51,O_15M,69,old,angry,62,4.0605
59,51,Y_17F,33,young,angry,27,7.4027
59,51,O_58M,64,old,happy,50,5.9877
59,51,Y_1M,19,young,angry,29,4.7903
59,51,O_50M,65,old,happy,59,7.488
59,51,O_71M,65,old,neutral,62,3.2711
59,51,O_67M,61,old,neutral,66,4.3016
59,51,O_64M,65,old,neutral,58,5.5216
59,51,O_29F,63,old,angry,55,3.5252
59,51,O_53F,64,old,neutral,55,4.4537
59,51,O_43F,62,old,happy,63,3.4739
59,51,Y_28M,20,young,happy,29,4.6544
59,51,Y_66F,26,young,happy,22,2.5359
59,51,O_21M,65,old,happy,58,7.0196
59,51,Y_14F,21,young,angry,29,4.2035
60,56,O_42M,75,old,happy,77,8.0335
60,56,Y_55M,24,young,neutral,23,4.4303
60,56,Y_28M,20,young,happy,24,4.4367
60,56,O_67M,61,old,neutral,63,7.1252
60,56,Y_69F,28,young,neutral,26,4.4383
60,56,Y_14F,21,young,angry,25,4.3196
60,56,O_40F,61,old,happy,75,5.2343
60,56,O_43F,62,old,happy,76,3.8625
60,56,O_21M,65,old,happy,68,5.4612
60,56,Y_75M,30,young,neutral,45,4.4526
60,56,O_20M,65,old,angry,74,8.0408
60,56,Y_27M,23,young,angry,30,5.6385
60,56,Y_72F,25,young,neutral,32,4.3173
60,56,Y_11M,20,young,angry,30,5.8328
60,56,O_71M,65,old,neutral,77,4.3756
60,56,Y_1M,19,young,angry,26,4.7096
60,56,Y_57M,23,young,neutral,20,6.3692
60,56,O_08M,65,old,angry,67,3.916
60,56,O_38F,65,old,happy,55,4.2075
60,56,Y_38F,24,young,angry,21,5.2267
60,56,Y_71F,20,young,neutral,35,3.7345
60,56,O_58M,64,old,happy,60,7
60,56,O_48F,65,old,neutral,68,5.1003
60,56,O_23F,66,old,angry,70,4.2203
60,56,O_56F,65,old,neutral,75,4.5734
60,56,O_53F,64,old,neutral,58,5.0659
60,56,Y_58M,22,young,neutral,19,4.7566
60,56,Y_66F,26,young,happy,30,4.507
60,56,O_64M,65,old,neutral,65,4.5969
60,56,Y_17F,33,young,angry,32,3.555
60,56,O_15M,69,old,angry,78,4.7359
60,56,Y_40F,28,young,happy,30,4.4716
60,56,O_47F,60,old,neutral,57,3.9702
60,56,O_29F,63,old,angry,56,6.0405
60,56,O_34F,65,old,happy,54,3.3737
60,56,Y_54M,26,young,happy,29,6.9183
60,56,Y_46M,18,young,happy,35,5.3195
60,56,Y_15M,20,young,angry,34,4.3055
60,56,Y_12F,18,young,angry,33,5.8698
60,56,O_10F,60,old,angry,46,4.2393
60,56,Y_30M,25,young,happy,40,3.9051
60,56,O_65M,65,old,neutral,80,5.0895
60,56,Y_4F,19,young,happy,34,4.258
60,56,Y_48F,23,young,happy,30,4.5025
60,56,Y_6F,23,young,neutral,28,5.2354
60,56,O_28F,64,old,angry,80,4.8707
60,56,O_50M,65,old,happy,74,5.7354
60,56,O_17M,69,old,angry,59,4.1535
63,80,Y_15M,20,young,angry,35,24.55631
63,80,Y_14F,21,young,angry,32,12.244965
63,80,O_17M,69,old,angry,65,9.779125
63,80,Y_66F,26,young,happy,34,14.44561
63,80,O_47F,60,old,neutral,48,17.14466
63,80,Y_69F,28,young,neutral,45,9.179365
63,80,O_71M,65,old,neutral,78,15.077095
63,80,O_20M,65,old,angry,75,8.54585
63,80,O_48F,65,old,neutral,75,14.33083
63,80,O_38F,65,old,happy,78,5.080805
63,80,Y_48F,23,young,happy,46,10.565825
63,80,Y_72F,25,young,neutral,45,7.31122
63,80,O_42M,75,old,happy,80,19.178595
63,80,Y_12F,18,young,angry,45,22.411735
63,80,O_23F,66,old,angry,75,7.113975
63,80,O_64M,65,old,neutral,72,13.980455
63,80,Y_17F,33,young,angry,35,13.1019
63,80,Y_46M,18,young,happy,36,10.82876
63,80,O_08M,65,old,angry,60,23.659575
63,80,Y_55M,24,young,neutral,45,7.630125
63,80,O_29F,63,old,angry,76,13.147205
63,80,O_50M,65,old,happy,78,8.796005
63,80,O_67M,61,old,neutral,68,12.06319
63,80,Y_58M,22,young,neutral,38,12.77984
63,80,O_21M,65,old,happy,75,7.88028
63,80,Y_6F,23,young,neutral,36,19.379105
63,80,O_40F,61,old,happy,70,15.479435
63,80,Y_40F,28,young,happy,40,14.828195
63,80,Y_71F,20,young,neutral,42,7.746145
63,80,Y_4F,19,young,happy,47,8.196685
63,80,O_65M,65,old,neutral,65,15.295155
63,80,Y_57M,23,young,neutral,48,13.89415
63,80,Y_28M,20,young,happy,48,16.612245
63,80,O_53F,64,old,neutral,76,11.579155
63,80,O_43F,62,old,happy,78,7.846255
63,80,O_28F,64,old,angry,78,8.414715
63,80,Y_54M,26,young,happy,45,12.39631
63,80,Y_27M,23,young,angry,47,8.34733
63,80,Y_38F,24,young,angry,45,15.813495
63,80,Y_75M,30,young,neutral,52,15.07905
63,80,O_56F,65,old,neutral,58,27.02782
63,80,O_58M,64,old,happy,48,15.793895
63,80,Y_30M,25,young,happy,45,5.93022
63,80,O_15M,69,old,angry,75,11.395445
63,80,O_34F,65,old,happy,72,12.61208
63,80,Y_11M,20,young,angry,47,11.661755
63,80,Y_1M,19,young,angry,45,10.31098
63,80,O_10F,60,old,angry,50,27.360495
